marker_name	P	nobs	coef	std	Z	chisq	df	term	A1	A2	multi_allele	note
AA_A_114_29911114_exon3	1.563919668716076e-08	250528				39.21359274117276	3.0				AA_A_114_29911114_exon3_E,AA_A_114_29911114_exon3_H,AA_A_114_29911114_exon3_Q,AA_A_114_29911114_exon3_R	phased multialleic
AA_A_116_29911120_exon3	0.007519936194878867	250528				11.960433135507628	3.0				AA_A_116_29911120_exon3_D,AA_A_116_29911120_exon3_H,AA_A_116_29911120_exon3_N,AA_A_116_29911120_exon3_Y	phased multialleic
AA_A_152_29911228_exon3	4.605357163471892e-16	250528				74.51400698325597	3.0				AA_A_152_29911228_exon3_A,AA_A_152_29911228_exon3_E,AA_A_152_29911228_exon3_V,AA_A_152_29911228_exon3_W	phased multialleic
AA_A_156_29911240_exon3	2.8237920007620438e-05	250528				23.744932158384472	3.0				AA_A_156_29911240_exon3_L,AA_A_156_29911240_exon3_Q,AA_A_156_29911240_exon3_R,AA_A_156_29911240_exon3_W	phased multialleic
AA_A_62_29910717_exon2	1.8606577696638452e-07	250528				34.129118187585846	3.0				AA_A_62_29910717_exon2_E,AA_A_62_29910717_exon2_G,AA_A_62_29910717_exon2_Q,AA_A_62_29910717_exon2_R	phased multialleic
AA_A_63_29910720_exon2	1.2335538438916948e-06	250528				23.524154014652595	1.0				AA_A_63_29910720_exon2_E,AA_A_63_29910720_exon2_N	phased multialleic
AA_A_76_29910759_exon2	0.23554059474088018	250528				2.891744007123634	2.0				AA_A_76_29910759_exon2_A,AA_A_76_29910759_exon2_E,AA_A_76_29910759_exon2_V	phased multialleic
AA_A_77_29910762_exon2	0.4953605573881589	250528				0.46486173407174647	1.0				AA_A_77_29910762_exon2_D,AA_A_77_29910762_exon2_N	phased multialleic
AA_A_95_29911057_exon3	0.5772630597216506	250528				1.0989144139457494	2.0				AA_A_95_29911057_exon3_I,AA_A_95_29911057_exon3_L,AA_A_95_29911057_exon3_V	phased multialleic
AA_A_97_29911063_exon3	2.613507863842663e-07	250528				30.31480464572087	2.0				AA_A_97_29911063_exon3_I,AA_A_97_29911063_exon3_M,AA_A_97_29911063_exon3_R	phased multialleic
AA_A_99_29911069_exon3	0.03360015381776712	250528				6.786449268227443	2.0				AA_A_99_29911069_exon3_C,AA_A_99_29911069_exon3_F,AA_A_99_29911069_exon3_Y	phased multialleic
AA_A_9_29910558_exon2	5.635328256393047e-16	250528				74.1049746745266	3.0				AA_A_9_29910558_exon2_F,AA_A_9_29910558_exon2_S,AA_A_9_29910558_exon2_T,AA_A_9_29910558_exon2_Y	phased multialleic
AA_B_114_31324150_exon3	0.5961259763919717	250528				1.0346065289340913	2.0				AA_B_114_31324150_exon3_D,AA_B_114_31324150_exon3_H,AA_B_114_31324150_exon3_N	phased multialleic
AA_B_116_31324144_exon3	0.026152372781207443	250528				11.036904660752043	4.0				AA_B_116_31324144_exon3_D,AA_B_116_31324144_exon3_F,AA_B_116_31324144_exon3_L,AA_B_116_31324144_exon3_S,AA_B_116_31324144_exon3_Y	phased multialleic
AA_B_156_31324024_exon3	9.619731854940168e-10	250528				44.92050419235602	3.0				AA_B_156_31324024_exon3_D,AA_B_156_31324024_exon3_L,AA_B_156_31324024_exon3_R,AA_B_156_31324024_exon3_W	phased multialleic
AA_B_163_31324003_exon3	0.09495134363956756	250528				4.70878138160333	2.0				AA_B_163_31324003_exon3_E,AA_B_163_31324003_exon3_L,AA_B_163_31324003_exon3_T	phased multialleic
AA_B_167_31323991_exon3	0.08735645761363749	250528				2.9224256104789674	1.0				AA_B_167_31323991_exon3_S,AA_B_167_31323991_exon3_W	phased multialleic
AA_B_24_31324665_exon2	0.07746388277381869	250528				5.115886959945783	2.0				AA_B_24_31324665_exon2_A,AA_B_24_31324665_exon2_S,AA_B_24_31324665_exon2_T	phased multialleic
AA_B_282_31322979_exon5	0.09118532590878058	250528				2.853322276379913	1.0				AA_B_282_31322979_exon5_I,AA_B_282_31322979_exon5_V	phased multialleic
AA_B_305_31322910_exon5	0.04463152801557035	250528				4.032508639153093	1.0				AA_B_305_31322910_exon5_A,AA_B_305_31322910_exon5_T	phased multialleic
AA_B_325_31322303_exon7	0.0015781537507547157	250528				9.985060439445078	1.0				AA_B_325_31322303_exon7_C,AA_B_325_31322303_exon7_S	phased multialleic
AA_B_45_31324602_exon2	0.007908917913745199	250528				13.815173964947462	4.0				AA_B_45_31324602_exon2_E,AA_B_45_31324602_exon2_G,AA_B_45_31324602_exon2_K,AA_B_45_31324602_exon2_M,AA_B_45_31324602_exon2_T	phased multialleic
AA_B_66_31324539_exon2	2.7257067266070662e-09	250528				39.44107618648559	2.0				AA_B_66_31324539_exon2_I,AA_B_66_31324539_exon2_K,AA_B_66_31324539_exon2_N	phased multialleic
AA_B_67_31324536_exon2	4.445975057528084e-08	250528				39.943726463476196	4.0				AA_B_67_31324536_exon2_C,AA_B_67_31324536_exon2_F,AA_B_67_31324536_exon2_M,AA_B_67_31324536_exon2_S,AA_B_67_31324536_exon2_Y	phased multialleic
AA_B_69_31324530_exon2	0.00021096573191619987	250528				16.927629691315815	2.0				AA_B_69_31324530_exon2_A,AA_B_69_31324530_exon2_R,AA_B_69_31324530_exon2_T	phased multialleic
AA_B_70_31324527_exon2	7.051113328880673e-09	250528				40.84566000662744	3.0				AA_B_70_31324527_exon2_K,AA_B_70_31324527_exon2_N,AA_B_70_31324527_exon2_Q,AA_B_70_31324527_exon2_S	phased multialleic
AA_B_77_31324506_exon2	3.952551495529119e-08	250528				34.09263885067776	2.0				AA_B_77_31324506_exon2_D,AA_B_77_31324506_exon2_N,AA_B_77_31324506_exon2_S	phased multialleic
AA_B_80_31324497_exon2	4.875918677802115e-08	250528				33.67274442105554	2.0				AA_B_80_31324497_exon2_I,AA_B_80_31324497_exon2_N,AA_B_80_31324497_exon2_T	phased multialleic
AA_B_95_31324207_exon3	6.465450858964453e-06	250528				23.89807561947964	2.0				AA_B_95_31324207_exon3_I,AA_B_95_31324207_exon3_L,AA_B_95_31324207_exon3_W	phased multialleic
AA_B_97_31324201_exon3	0.2607617849413578	250528				5.269329826114699	4.0				AA_B_97_31324201_exon3_N,AA_B_97_31324201_exon3_R,AA_B_97_31324201_exon3_S,AA_B_97_31324201_exon3_T,AA_B_97_31324201_exon3_W	phased multialleic
AA_B_99_31324195_exon3	0.7042073132188356	250528				0.14413200225681067	1.0				AA_B_99_31324195_exon3_S,AA_B_99_31324195_exon3_Y	phased multialleic
AA_B_9_31324710_exon2	0.032752816736633716	250528				4.558653364889324	1.0				AA_B_9_31324710_exon2_H,AA_B_9_31324710_exon2_Y	phased multialleic
AA_C_116_31239054_exon3	2.1466328052044315e-12	250528				57.36610703053884	3.0				AA_C_116_31239054_exon3_F,AA_C_116_31239054_exon3_L,AA_C_116_31239054_exon3_S,AA_C_116_31239054_exon3_Y	phased multialleic
AA_C_152_31238946_exon3	0.0008047676086555489	250528				14.249914014246315	2.0				AA_C_152_31238946_exon3_A,AA_C_152_31238946_exon3_E,AA_C_152_31238946_exon3_T	phased multialleic
AA_C_156_31238934_exon3	0.0009242333410191954	250528				13.973091969266534	2.0				AA_C_156_31238934_exon3_L,AA_C_156_31238934_exon3_R,AA_C_156_31238934_exon3_W	phased multialleic
AA_C_163_31238913_exon3	0.7651198923183007	250528				0.08926010667346418	1.0				AA_C_163_31238913_exon3_L,AA_C_163_31238913_exon3_T	phased multialleic
AA_C_184_31238263_exon4	0.00019751725706687977	250528				13.854556221049279	1.0				AA_C_184_31238263_exon4_H,AA_C_184_31238263_exon4_P	phased multialleic
AA_C_275_31237869_exon5	6.160715202151295e-13	250528				56.230826667742804	2.0				AA_C_275_31237869_exon5_E,AA_C_275_31237869_exon5_G,AA_C_275_31237869_exon5_K	phased multialleic
AA_C_285_31237839_exon5	0.00019751725706687977	250528				13.854556221049279	1.0				AA_C_285_31237839_exon5_M,AA_C_285_31237839_exon5_V	phased multialleic
AA_C_307_31237773_exon5	5.621700898173523e-13	250528				56.41394387977198	2.0				AA_C_307_31237773_exon5_K,AA_C_307_31237773_exon5_M,AA_C_307_31237773_exon5_V	phased multialleic
AA_C_95_31239117_exon3	0.06277883111454723	250528				3.4624079011846334	1.0				AA_C_95_31239117_exon3_I,AA_C_95_31239117_exon3_L	phased multialleic
AA_C_99_31239105_exon3	0.2477855600329814	250528				4.129793482134119	3.0				AA_C_99_31239105_exon3_C,AA_C_99_31239105_exon3_F,AA_C_99_31239105_exon3_S,AA_C_99_31239105_exon3_Y	phased multialleic
AA_C_9_31239621_exon2	0.07011366472146703	250528				7.056657457724214	3.0				AA_C_9_31239621_exon2_D,AA_C_9_31239621_exon2_F,AA_C_9_31239621_exon2_S,AA_C_9_31239621_exon2_Y	phased multialleic
AA_DPB1_170_33052900_exon3	7.892248254195064e-06	250528				19.963794820243493	1.0				AA_DPB1_170_33052900_exon3_I,AA_DPB1_170_33052900_exon3_T	phased multialleic
AA_DPB1_178_33052924_exon3	0.2685229807878263	250528				1.2242766853887588	1.0				AA_DPB1_178_33052924_exon3_L,AA_DPB1_178_33052924_exon3_M	phased multialleic
AA_DPB1_205_33053552_exon4	0.0001738376407416878	250528				14.09464874281548	1.0				AA_DPB1_205_33053552_exon4_M,AA_DPB1_205_33053552_exon4_V	phased multialleic
AA_DPB1_35_33048544_exon2	7.646166320466841e-08	250528				32.77295271260664	2.0				AA_DPB1_35_33048544_exon2_F,AA_DPB1_35_33048544_exon2_L,AA_DPB1_35_33048544_exon2_Y	phased multialleic
AA_DPB1_55_33048604_exon2	0.0015704039726585194	250528				12.91284477058798	2.0				AA_DPB1_55_33048604_exon2_A,AA_DPB1_55_33048604_exon2_D,AA_DPB1_55_33048604_exon2_E	phased multialleic
AA_DPB1_69_33048646_exon2	0.4788767319990176	250528				0.5014202694874257	1.0				AA_DPB1_69_33048646_exon2_E,AA_DPB1_69_33048646_exon2_K	phased multialleic
AA_DPB1_76_33048667_exon2	2.7370664911859387e-06	250528				25.617247669491917	2.0				AA_DPB1_76_33048667_exon2_I,AA_DPB1_76_33048667_exon2_M,AA_DPB1_76_33048667_exon2_V	phased multialleic
AA_DPB1_84_33048691_exon2	4.8655449853353245e-05	250528				16.499790506903082	1.0				AA_DPB1_84_33048691_exon2_D,AA_DPB1_84_33048691_exon2_G	phased multialleic
AA_DPB1_96_33052678_exon3	7.892248254195064e-06	250528				19.963794820243493	1.0				AA_DPB1_96_33052678_exon3_K,AA_DPB1_96_33052678_exon3_R	phased multialleic
AA_DPB1_9_33048466_exon2	0.0540927694940203	250528				5.83410950563848	2.0				AA_DPB1_9_33048466_exon2_F,AA_DPB1_9_33048466_exon2_H,AA_DPB1_9_33048466_exon2_Y	phased multialleic
AA_DQA1_160_32609971_exon3	0.8774274170261634	250528				0.2615220854058862	2.0				AA_DQA1_160_32609971_exon3_A,AA_DQA1_160_32609971_exon3_D,AA_DQA1_160_32609971_exon3_S	phased multialleic
AA_DQA1_175_32610016_exon3	0.00010004122309613023	250528				18.41985645191744	2.0				AA_DQA1_175_32610016_exon3_E,AA_DQA1_175_32610016_exon3_K,AA_DQA1_175_32610016_exon3_Q	phased multialleic
AA_DQA1_47_32609219_exon2	0.00012659311351123436	250528				20.614245368167758	3.0				AA_DQA1_47_32609219_exon2_C,AA_DQA1_47_32609219_exon2_K,AA_DQA1_47_32609219_exon2_Q,AA_DQA1_47_32609219_exon2_R	phased multialleic
AA_DQA1_50_32609228_exon2	4.234520794054068e-05	250528				20.13931059394963	2.0				AA_DQA1_50_32609228_exon2_E,AA_DQA1_50_32609228_exon2_L,AA_DQA1_50_32609228_exon2_V	phased multialleic
AA_DQA1_52_32609234_exon2	6.216524954070597e-05	250528				19.371428806800395	2.0				AA_DQA1_52_32609234_exon2_H,AA_DQA1_52_32609234_exon2_R,AA_DQA1_52_32609234_exon2_S	phased multialleic
AA_DQA1_53_32609237_exon2	4.234520794054068e-05	250528				20.13931059394963	2.0				AA_DQA1_53_32609237_exon2_K,AA_DQA1_53_32609237_exon2_Q,AA_DQA1_53_32609237_exon2_R	phased multialleic
AA_DQA1_56_32609246_exon2	8.102814979923512e-05	250528				18.841427870560437	2.0				AA_DQA1_56_32609246_exon2_.,AA_DQA1_56_32609246_exon2_G,AA_DQA1_56_32609246_exon2_R	phased multialleic
AA_DQA1_69_32609285_exon2	1.2662027887114333e-05	250528				22.55380594683811	2.0				AA_DQA1_69_32609285_exon2_A,AA_DQA1_69_32609285_exon2_L,AA_DQA1_69_32609285_exon2_T	phased multialleic
AA_DQA1_76_32609306_exon2	8.102814979923512e-05	250528				18.841427870560437	2.0				AA_DQA1_76_32609306_exon2_L,AA_DQA1_76_32609306_exon2_M,AA_DQA1_76_32609306_exon2_V	phased multialleic
AA_DQB1_-5_32634302_exon1	3.760732593882347e-15	250528				66.428325235378	2.0				AA_DQB1_-5_32634302_exon1_L,AA_DQB1_-5_32634302_exon1_P,AA_DQB1_-5_32634302_exon1_S	phased multialleic
AA_DQB1_125_32629588_exon3	2.8171477944183164e-12	250528				53.19059232645668	2.0				AA_DQB1_125_32629588_exon3_A,AA_DQB1_125_32629588_exon3_G,AA_DQB1_125_32629588_exon3_S	phased multialleic
AA_DQB1_26_32632774_exon2	0.08666576889534164	250528				4.891392591176555	2.0				AA_DQB1_26_32632774_exon2_G,AA_DQB1_26_32632774_exon2_L,AA_DQB1_26_32632774_exon2_Y	phased multialleic
AA_DQB1_30_32632762_exon2	4.0413869080264566e-06	250528				24.837845261674374	2.0				AA_DQB1_30_32632762_exon2_H,AA_DQB1_30_32632762_exon2_S,AA_DQB1_30_32632762_exon2_Y	phased multialleic
AA_DQB1_37_32632741_exon2	0.7540620766681899	250528				0.564561169128865	2.0				AA_DQB1_37_32632741_exon2_D,AA_DQB1_37_32632741_exon2_I,AA_DQB1_37_32632741_exon2_Y	phased multialleic
AA_DQB1_55_32632687_exon2	9.748707259835183e-11	250528				46.102602670900524	2.0				AA_DQB1_55_32632687_exon2_L,AA_DQB1_55_32632687_exon2_P,AA_DQB1_55_32632687_exon2_R	phased multialleic
AA_DQB1_57_32632681_exon2	9.105726567538608e-17	250528				77.79784658947028	3.0				AA_DQB1_57_32632681_exon2_A,AA_DQB1_57_32632681_exon2_D,AA_DQB1_57_32632681_exon2_S,AA_DQB1_57_32632681_exon2_V	phased multialleic
AA_DQB1_70_32632642_exon2	0.592747920458769	250528				1.0459721246734262	2.0				AA_DQB1_70_32632642_exon2_E,AA_DQB1_70_32632642_exon2_G,AA_DQB1_70_32632642_exon2_R	phased multialleic
AA_DQB1_71_32632639_exon2	0.7729445690815337	250528				1.1171132363379002	3.0				AA_DQB1_71_32632639_exon2_A,AA_DQB1_71_32632639_exon2_D,AA_DQB1_71_32632639_exon2_K,AA_DQB1_71_32632639_exon2_T	phased multialleic
AA_DQB1_74_32632630_exon2	0.6881593315631289	250528				0.7474697625730187	2.0				AA_DQB1_74_32632630_exon2_A,AA_DQB1_74_32632630_exon2_E,AA_DQB1_74_32632630_exon2_S	phased multialleic
AA_DQB1_86_32632594_exon2	2.569896712932857e-25	250528				113.24152323254384	2.0				AA_DQB1_86_32632594_exon2_A,AA_DQB1_86_32632594_exon2_E,AA_DQB1_86_32632594_exon2_G	phased multialleic
AA_DQB1_87_32632591_exon2	4.3295948259662635e-14	250528				61.541434675920755	2.0				AA_DQB1_87_32632591_exon2_F,AA_DQB1_87_32632591_exon2_L,AA_DQB1_87_32632591_exon2_Y	phased multialleic
AA_DQB1_9_32632825_exon2	0.8417167751780804	250528				0.3446233856957406	2.0				AA_DQB1_9_32632825_exon2_F,AA_DQB1_9_32632825_exon2_L,AA_DQB1_9_32632825_exon2_Y	phased multialleic
AA_DRB1_-16_32557479_exon1	0.00014886946833879	250528				14.386452904436737	1.0				AA_DRB1_-16_32557479_exon1_A,AA_DRB1_-16_32557479_exon1_V	phased multialleic
AA_DRB1_-17_32557482_exon1	0.021314194935294774	250528				5.3009174533654	1.0				AA_DRB1_-17_32557482_exon1_A,AA_DRB1_-17_32557482_exon1_T	phased multialleic
AA_DRB1_-1_32557434_exon1	0.06271028038995932	250528				3.4642146434634924	1.0				AA_DRB1_-1_32557434_exon1_A,AA_DRB1_-1_32557434_exon1_S	phased multialleic
AA_DRB1_-24_32557503_exon1	1.2807171888142996e-05	250528				19.03903263877146	1.0				AA_DRB1_-24_32557503_exon1_F,AA_DRB1_-24_32557503_exon1_L	phased multialleic
AA_DRB1_-25_32557506_exon1	0.00030970647105116057	250528				13.010758481919765	1.0				AA_DRB1_-25_32557506_exon1_K,AA_DRB1_-25_32557506_exon1_R	phased multialleic
AA_DRB1_104_32549623_exon3	1.6654300827562023e-08	250528				31.850077718961984	1.0				AA_DRB1_104_32549623_exon3_A,AA_DRB1_104_32549623_exon3_S	phased multialleic
AA_DRB1_10_32552132_exon2	0.001406039063823111	250528				13.133957404643297	2.0				AA_DRB1_10_32552132_exon2_E,AA_DRB1_10_32552132_exon2_Q,AA_DRB1_10_32552132_exon2_Y	phased multialleic
AA_DRB1_11_32552129_exon2	1.3379966678921214e-06	250528				35.25538079417311	5.0				AA_DRB1_11_32552129_exon2_D,AA_DRB1_11_32552129_exon2_G,AA_DRB1_11_32552129_exon2_L,AA_DRB1_11_32552129_exon2_P,AA_DRB1_11_32552129_exon2_S,AA_DRB1_11_32552129_exon2_V	phased multialleic
AA_DRB1_120_32549575_exon3	1.3033618264556774e-05	250528				19.005588229047135	1.0				AA_DRB1_120_32549575_exon3_N,AA_DRB1_120_32549575_exon3_S	phased multialleic
AA_DRB1_133_32549536_exon3	0.016106192834296967	250528				5.791243471438065	1.0				AA_DRB1_133_32549536_exon3_L,AA_DRB1_133_32549536_exon3_R	phased multialleic
AA_DRB1_13_32552123_exon2	1.555445542566026e-09	250528				49.75486158276908	5.0				AA_DRB1_13_32552123_exon2_F,AA_DRB1_13_32552123_exon2_G,AA_DRB1_13_32552123_exon2_H,AA_DRB1_13_32552123_exon2_R,AA_DRB1_13_32552123_exon2_S,AA_DRB1_13_32552123_exon2_Y	phased multialleic
AA_DRB1_140_32549515_exon3	0.9193481983538425	250528				0.010252533946186304	1.0				AA_DRB1_140_32549515_exon3_A,AA_DRB1_140_32549515_exon3_T	phased multialleic
AA_DRB1_142_32549509_exon3	0.016106192838563148	250528				5.791243470972404	1.0				AA_DRB1_142_32549509_exon3_M,AA_DRB1_142_32549509_exon3_V	phased multialleic
AA_DRB1_149_32549488_exon3	0.00019726435532708403	250528				13.856963891070336	1.0				AA_DRB1_149_32549488_exon3_H,AA_DRB1_149_32549488_exon3_Q	phased multialleic
AA_DRB1_166_32549437_exon3	0.6940273569734106	250528				0.1547600575722754	1.0				AA_DRB1_166_32549437_exon3_Q,AA_DRB1_166_32549437_exon3_R	phased multialleic
AA_DRB1_16_32552114_exon2	0.27713387087661945	250528				2.566509202355519	2.0				AA_DRB1_16_32552114_exon2_H,AA_DRB1_16_32552114_exon2_Q,AA_DRB1_16_32552114_exon2_Y	phased multialleic
AA_DRB1_180_32549395_exon3	1.2807171888142996e-05	250528				19.03903263877146	1.0				AA_DRB1_180_32549395_exon3_L,AA_DRB1_180_32549395_exon3_V	phased multialleic
AA_DRB1_181_32549392_exon3	0.007644020072135737	250528				7.1150329110678285	1.0				AA_DRB1_181_32549392_exon3_M,AA_DRB1_181_32549392_exon3_T	phased multialleic
AA_DRB1_189_32548667_exon4	0.13398595138213276	250528				2.2457036040723324	1.0				AA_DRB1_189_32548667_exon4_R,AA_DRB1_189_32548667_exon4_S	phased multialleic
AA_DRB1_231_32548054_exon5	0.6940273569734106	250528				0.1547600575722754	1.0				AA_DRB1_231_32548054_exon5_P,AA_DRB1_231_32548054_exon5_Q	phased multialleic
AA_DRB1_233_32548048_exon5	7.216744896081313e-07	250528				24.556368006858975	1.0				AA_DRB1_233_32548048_exon5_R,AA_DRB1_233_32548048_exon5_T	phased multialleic
AA_DRB1_26_32552084_exon2	0.7365623050314203	250528				0.6115229011047632	2.0				AA_DRB1_26_32552084_exon2_F,AA_DRB1_26_32552084_exon2_L,AA_DRB1_26_32552084_exon2_Y	phased multialleic
AA_DRB1_28_32552078_exon2	0.09052647108011971	250528				4.804225945845246	2.0				AA_DRB1_28_32552078_exon2_D,AA_DRB1_28_32552078_exon2_E,AA_DRB1_28_32552078_exon2_H	phased multialleic
AA_DRB1_30_32552072_exon2	0.08236742491439786	250528				9.758728985441849	5.0				AA_DRB1_30_32552072_exon2_C,AA_DRB1_30_32552072_exon2_G,AA_DRB1_30_32552072_exon2_H,AA_DRB1_30_32552072_exon2_L,AA_DRB1_30_32552072_exon2_R,AA_DRB1_30_32552072_exon2_Y	phased multialleic
AA_DRB1_31_32552069_exon2	0.8043142384439206	250528				0.43553048465400934	2.0				AA_DRB1_31_32552069_exon2_F,AA_DRB1_31_32552069_exon2_I,AA_DRB1_31_32552069_exon2_V	phased multialleic
AA_DRB1_37_32552051_exon2	1.448180142712462e-10	250528				51.89901657518931	4.0				AA_DRB1_37_32552051_exon2_F,AA_DRB1_37_32552051_exon2_L,AA_DRB1_37_32552051_exon2_N,AA_DRB1_37_32552051_exon2_S,AA_DRB1_37_32552051_exon2_Y	phased multialleic
AA_DRB1_38_32552048_exon2	0.8083175950122078	250528				0.42560046911239624	2.0				AA_DRB1_38_32552048_exon2_A,AA_DRB1_38_32552048_exon2_L,AA_DRB1_38_32552048_exon2_V	phased multialleic
AA_DRB1_4_32557422_exon1	0.008361603208937586	250528				6.954342310316861	1.0				AA_DRB1_4_32557422_exon1_Q,AA_DRB1_4_32557422_exon1_R	phased multialleic
AA_DRB1_57_32551991_exon2	0.043879474234020124	250528				8.10557339177467	3.0				AA_DRB1_57_32551991_exon2_A,AA_DRB1_57_32551991_exon2_D,AA_DRB1_57_32551991_exon2_S,AA_DRB1_57_32551991_exon2_V	phased multialleic
AA_DRB1_60_32551982_exon2	0.04157396610794655	250528				6.360562244663015	2.0				AA_DRB1_60_32551982_exon2_H,AA_DRB1_60_32551982_exon2_S,AA_DRB1_60_32551982_exon2_Y	phased multialleic
AA_DRB1_67_32551961_exon2	0.00027100449854633576	250528				16.426750274840742	2.0				AA_DRB1_67_32551961_exon2_F,AA_DRB1_67_32551961_exon2_I,AA_DRB1_67_32551961_exon2_L	phased multialleic
AA_DRB1_70_32551952_exon2	0.19654316394030452	250528				3.253746415954083	2.0				AA_DRB1_70_32551952_exon2_D,AA_DRB1_70_32551952_exon2_Q,AA_DRB1_70_32551952_exon2_R	phased multialleic
AA_DRB1_71_32551949_exon2	7.5245734814301715e-22	250528				101.4649543762207	3.0				AA_DRB1_71_32551949_exon2_A,AA_DRB1_71_32551949_exon2_E,AA_DRB1_71_32551949_exon2_K,AA_DRB1_71_32551949_exon2_R	phased multialleic
AA_DRB1_74_32551940_exon2	3.426135688749776e-12	250528				59.65602372796275	4.0				AA_DRB1_74_32551940_exon2_A,AA_DRB1_74_32551940_exon2_E,AA_DRB1_74_32551940_exon2_L,AA_DRB1_74_32551940_exon2_Q,AA_DRB1_74_32551940_exon2_R	phased multialleic
AA_DRB1_96_32549647_exon3	0.00012370877689037488	250528				20.66247924999334	3.0				AA_DRB1_96_32549647_exon3_E,AA_DRB1_96_32549647_exon3_H,AA_DRB1_96_32549647_exon3_Q,AA_DRB1_96_32549647_exon3_Y	phased multialleic
AA_DRB1_98_32549641_exon3	1.665430082556568e-08	250528				31.850077719194815	1.0				AA_DRB1_98_32549641_exon3_E,AA_DRB1_98_32549641_exon3_K	phased multialleic
AA_DRB1_9_32552135_exon2	0.42940371546719036	250528				1.6907154817599803	2.0				AA_DRB1_9_32552135_exon2_E,AA_DRB1_9_32552135_exon2_K,AA_DRB1_9_32552135_exon2_W	phased multialleic
AFFX-SP-000047	8.38204414778427e-08	250528	0.11179588294265633	0.020862480068568782	5.35870532051877			THIS	C	T		phased bialleic
HLA_A	7.748516710879196e-21	250528				124.51595514174551	12.0				HLA_A*01:01,HLA_A*02:01,HLA_A*02:06,HLA_A*02:07,HLA_A*03:01,HLA_A*11:01,HLA_A*24:02,HLA_A*26:01,HLA_A*26:02,HLA_A*30:01,HLA_A*30:04,HLA_A*31:01,HLA_A*33:03	phased multialleic
HLA_A*01:01	0.4660848262296161	250528	-0.05791722194109074	0.07946231097134183	-0.728864051814182			THIS	p	a		phased bialleic
HLA_A*02:01	0.5976999356683048	250528	-0.014810083253410766	0.028064761180890463	-0.5277110023474947			THIS	p	a		phased bialleic
HLA_A*02:06	0.02137797433693508	250528	-0.08537954747103388	0.03710151276771373	-2.3012416772755526			THIS	p	a		phased bialleic
HLA_A*02:07	0.010444827342956058	250528	0.14605656437664216	0.05703676796026921	2.5607440533513848			THIS	p	a		phased bialleic
HLA_A*03:01	0.12157111295018407	250528	-0.12853219479365668	0.08301973048385893	-1.548212624210416			THIS	p	a		phased bialleic
HLA_A*11:01	5.982243137888206e-12	250528	-0.23479267762742193	0.034126486888791066	-6.880071728231135			THIS	p	a		phased bialleic
HLA_A*24:02	0.7182156129208115	250528	0.009011860802630278	0.024974353422257276	0.360844609278207			THIS	p	a		phased bialleic
HLA_A*26:01	0.006355413794182729	250528	-0.15626421734218365	0.05726360229720791	-2.72885761763896			THIS	p	a		phased bialleic
HLA_A*26:02	0.6446021791206226	250528	-0.03024625855696446	0.06557116078946804	-0.4612738007502618			THIS	p	a		phased bialleic
HLA_A*30:01	3.6116165617303764e-05	250528	0.2540512241043831	0.06149846775580155	4.1310171354702865			THIS	p	a		phased bialleic
HLA_A*30:04	0.9671791322800233	250528	-0.003774960268508043	0.09174446149477251	-0.04114646494189882			THIS	p	a		phased bialleic
HLA_A*31:01	0.23910973239726885	250528	-0.055741471754366945	0.04735029304735362	-1.1772149266029157			THIS	p	a		phased bialleic
HLA_A*33:03	1.299045190832265e-12	250528	0.20067397182556743	0.028286210269171115	7.094409958632039			THIS	p	a		phased bialleic
HLA_B	3.5583341750732026e-22	250528				165.0205348522868	26.0				HLA_B*07:02,HLA_B*13:01,HLA_B*13:02,HLA_B*14:01,HLA_B*15:01,HLA_B*15:07,HLA_B*15:11,HLA_B*15:18,HLA_B*27:05,HLA_B*35:01,HLA_B*37:01,HLA_B*38:02,HLA_B*39:01,HLA_B*40:01,HLA_B*40:02,HLA_B*40:06,HLA_B*44:02,HLA_B*44:03,HLA_B*46:01,HLA_B*48:01,HLA_B*51:01,HLA_B*52:01,HLA_B*54:01,HLA_B*55:02,HLA_B*58:01,HLA_B*59:01,HLA_B*67:01	phased multialleic
HLA_B*07:02	0.0026900485891657618	250528	0.16623317093201273	0.05539071887568891	3.001101525782378			THIS	p	a		phased bialleic
HLA_B*13:01	0.21360816488217493	250528	0.09233645376979194	0.07424305260383594	1.2437049734808607			THIS	p	a		phased bialleic
HLA_B*13:02	6.495813552924424e-05	250528	0.24384924275330877	0.06105334909716368	3.9940354846911608			THIS	p	a		phased bialleic
HLA_B*14:01	0.3542061635150776	250528	0.08647291273511765	0.09333675158017665	0.9264615627943411			THIS	p	a		phased bialleic
HLA_B*15:01	1.501862129627988e-13	250528	-0.27037402433938423	0.036601363366993864	-7.386993255644688			THIS	p	a		phased bialleic
HLA_B*15:07	0.7922785894346458	250528	-0.02537973263730886	0.09637157054420031	-0.2633529005908291			THIS	p	a		phased bialleic
HLA_B*15:11	0.25978793176811543	250528	-0.08462656466277028	0.07509728224646424	-1.1268925070421534			THIS	p	a		phased bialleic
HLA_B*15:18	0.1410513078923786	250528	0.1420369409447213	0.09649987392550992	1.4718873213695833			THIS	p	a		phased bialleic
HLA_B*27:05	0.6445949981553344	250528	-0.029933853239872993	0.06489248597719277	-0.4612838110469924			THIS	p	a		phased bialleic
HLA_B*35:01	0.24806815482632094	250528	-0.054409810245900636	0.04710584263056269	-1.1550543883191056			THIS	p	a		phased bialleic
HLA_B*37:01	0.7339274681536728	250528	-0.02893198745766501	0.08511766318743084	-0.33990580067918663			THIS	p	a		phased bialleic
HLA_B*38:02	0.18806751962192203	250528	-0.13367083174247463	0.10154908508791814	-1.3163174402481956			THIS	p	a		phased bialleic
HLA_B*39:01	0.053361424709842266	250528	-0.18504810488571777	0.09578136330481231	-1.9319844539780158			THIS	p	a		phased bialleic
HLA_B*40:01	0.05525191272176045	250528	-0.10052260693556062	0.05244046814405791	-1.9168899610014438			THIS	p	a		phased bialleic
HLA_B*40:02	0.07722386980496308	250528	-0.09722326154370158	0.05502084300258934	-1.7670260257394848			THIS	p	a		phased bialleic
HLA_B*40:06	0.4897843130667697	250528	-0.03802588667673551	0.055057961552964496	-0.6906519167106374			THIS	p	a		phased bialleic
HLA_B*44:02	0.0030558948224724707	250528	-0.2564014399274343	0.08656190262836556	-2.962058736488699			THIS	p	a		phased bialleic
HLA_B*44:03	0.0020179635893590154	250528	0.11265631866191544	0.03648698173745447	3.087575713237797			THIS	p	a		phased bialleic
HLA_B*46:01	0.42911838092535226	250528	0.03902245180229591	0.0493517048504829	0.7907011909825458			THIS	p	a		phased bialleic
HLA_B*48:01	0.5826360577579592	250528	-0.030999182731580928	0.05640949909072337	-0.5495383442729204			THIS	p	a		phased bialleic
HLA_B*51:01	0.15444662437620543	250528	-0.05101150305176008	0.035822697963272476	-1.4239994738548185			THIS	p	a		phased bialleic
HLA_B*52:01	0.03919342528809732	250528	0.1275694826837135	0.06186235815934453	2.062150336317945			THIS	p	a		phased bialleic
HLA_B*54:01	0.890918640923047	250528	-0.005859434359690302	0.0427253431518852	-0.13714189114550768			THIS	p	a		phased bialleic
HLA_B*55:02	0.017194881020528005	250528	-0.2232814065974815	0.09371672626404015	-2.3825139385300567			THIS	p	a		phased bialleic
HLA_B*58:01	2.9916736518761016e-10	250528	0.27871184760888446	0.04424552738262876	6.299209526843826			THIS	p	a		phased bialleic
HLA_B*59:01	0.6577368453605411	250528	-0.03801724388240621	0.0858099696756334	-0.4430399407681132			THIS	p	a		phased bialleic
HLA_B*67:01	0.023286032707169706	250528	-0.22473332384704822	0.09905780406800296	-2.268708921639019			THIS	p	a		phased bialleic
HLA_C	1.2087953935407397e-46	250528				259.7575145906303	15.0				HLA_C*01:02,HLA_C*03:02,HLA_C*03:03,HLA_C*03:04,HLA_C*04:01,HLA_C*05:01,HLA_C*06:02,HLA_C*07:02,HLA_C*07:06,HLA_C*08:01,HLA_C*08:02,HLA_C*08:22,HLA_C*12:02,HLA_C*14:02,HLA_C*14:03,HLA_C*15:02	phased multialleic
HLA_C*01:02	0.049273280779576975	250528	-0.05406297971359032	0.02749590493139276	-1.9662193278776314			THIS	p	a		phased bialleic
HLA_C*03:02	6.205495310046603e-09	250528	0.24766449482484176	0.04261903809770163	5.811123523179607			THIS	p	a		phased bialleic
HLA_C*03:03	0.007317777322009259	250528	-0.08714586289170877	0.032492549680979255	-2.6820259951075154			THIS	p	a		phased bialleic
HLA_C*03:04	0.1498383271268195	250528	-0.0512665847442176	0.03559925445047681	-1.4401027643861497			THIS	p	a		phased bialleic
HLA_C*04:01	5.2017654925049734e-14	250528	-0.32485987149205264	0.04316069272655752	-7.526752954364904			THIS	p	a		phased bialleic
HLA_C*05:01	0.05956514444831941	250528	-0.18356785048260016	0.09743522940706822	-1.8839987507566092			THIS	p	a		phased bialleic
HLA_C*06:02	0.0008479800308993151	250528	0.16034343401498946	0.04805537319580421	3.336639034341935			THIS	p	a		phased bialleic
HLA_C*07:02	0.8173963617825825	250528	0.008591411465059672	0.03720916789718791	0.23089501729247133			THIS	p	a		phased bialleic
HLA_C*07:06	5.967768920335108e-14	250528	-0.4464792423257578	0.05946090049907933	-7.508787095020045			THIS	p	a		phased bialleic
HLA_C*08:01	0.5485392470070249	250528	0.025847027033613745	0.043081934995641585	0.5999504673183453			THIS	p	a		phased bialleic
HLA_C*08:02	0.9145125719806707	250528	-0.009107644773162782	0.0848419071462753	-0.1073484210752165			THIS	p	a		phased bialleic
HLA_C*08:22	0.09727302105025618	250528	-0.1700367766617683	0.10254173276290689	-1.6582202395089316			THIS	p	a		phased bialleic
HLA_C*12:02	0.059974681418922524	250528	0.11571794746792324	0.06152004083938162	1.880979691968072			THIS	p	a		phased bialleic
HLA_C*14:02	0.9884761430616159	250528	0.0005690861737752684	0.039400808884538605	0.01444351499084541			THIS	p	a		phased bialleic
HLA_C*14:03	5.161255179641907e-22	250528	0.44103017916520537	0.04572631441338395	9.644997302387381			THIS	p	a		phased bialleic
HLA_C*15:02	0.08406279619679524	250528	0.11334437238127867	0.06560859488156598	1.7275842073113046			THIS	p	a		phased bialleic
HLA_DPA1	0.0002928941204975083	250528				16.271398755488917	2.0				HLA_DPA1*01:03,HLA_DPA1*02:01,HLA_DPA1*02:02	phased multialleic
HLA_DPA1*01:03	0.0004770958920889732	250528	0.07301105872123581	0.02090033069733302	3.493296818052375			THIS	p	a		phased bialleic
HLA_DPA1*02:01	0.32096201426695814	250528	0.0361315956023025	0.03640525735907835	0.992482905584855			THIS	p	a		phased bialleic
HLA_DPA1*02:02	5.5718893477126693e-05	250528	-0.08426949215107384	0.02090927601935102	-4.030244379245101			THIS	p	a		phased bialleic
HLA_DPB1	2.539602691041302e-09	250528				58.55807307432406	9.0				HLA_DPB1*02:01,HLA_DPB1*02:02,HLA_DPB1*03:01,HLA_DPB1*04:01,HLA_DPB1*04:02,HLA_DPB1*05:01,HLA_DPB1*09:01,HLA_DPB1*13:01,HLA_DPB1*14:01,HLA_DPB1*17:01	phased multialleic
HLA_DPB1*02:01	0.018461480961016397	250528	0.05538665272453505	0.023506470820954965	2.356230041778978			THIS	p	a		phased bialleic
HLA_DPB1*02:02	0.7070914677369128	250528	0.019421172344399162	0.05168433050938325	0.37576519136439746			THIS	p	a		phased bialleic
HLA_DPB1*03:01	0.07776096963968158	250528	0.10002466547957081	0.056708859844378436	1.7638278349108139			THIS	p	a		phased bialleic
HLA_DPB1*04:01	5.2554246296018804e-06	250528	0.17845194774060408	0.039182969595121395	4.554324227707918			THIS	p	a		phased bialleic
HLA_DPB1*04:02	0.2685319494355992	250528	-0.04173685275838923	0.03772142102816607	-1.1064496410998115			THIS	p	a		phased bialleic
HLA_DPB1*05:01	0.0006109617419519227	250528	-0.07430483346600938	0.021684073609793665	-3.426700849809393			THIS	p	a		phased bialleic
HLA_DPB1*09:01	0.3020364113666759	250528	0.06257837608326994	0.060633482953579114	1.032076223151816			THIS	p	a		phased bialleic
HLA_DPB1*13:01	3.319450827975914e-06	250528	-0.20859217787007367	0.04485859313791894	-4.649993753231437			THIS	p	a		phased bialleic
HLA_DPB1*14:01	0.8279239586276094	250528	-0.019556264190467687	0.08996973005792057	-0.21736493127052606			THIS	p	a		phased bialleic
HLA_DPB1*17:01	0.10868841058709	250528	0.12638152362646093	0.07878575911380399	1.6041163409228067			THIS	p	a		phased bialleic
HLA_DQA1	8.113127588123716e-17	250528				106.73830017494038	13.0				HLA_DQA1*01:01,HLA_DQA1*01:02,HLA_DQA1*01:03,HLA_DQA1*01:04,HLA_DQA1*01:05,HLA_DQA1*02:01,HLA_DQA1*03:01,HLA_DQA1*03:02,HLA_DQA1*03:03,HLA_DQA1*04:01,HLA_DQA1*05:01,HLA_DQA1*05:03,HLA_DQA1*05:05,HLA_DQA1*06:01	phased multialleic
HLA_DQA1*01:01	0.6091552817774233	250528	-0.018106354391925816	0.03541380117977607	-0.511279608195968			THIS	p	a		phased bialleic
HLA_DQA1*01:02	2.0928269896581606e-12	250528	0.16840751919724817	0.02396183990141731	7.028154761491712			THIS	p	a		phased bialleic
HLA_DQA1*01:03	0.3295285451502492	250528	-0.0294799156570041	0.030233828263540888	-0.9750639383155478			THIS	p	a		phased bialleic
HLA_DQA1*01:04	0.27044151334581246	250528	-0.04252580807356171	0.038588038821118636	-1.102046369101505			THIS	p	a		phased bialleic
HLA_DQA1*01:05	0.29728326647621717	250528	-0.07218514895279068	0.06925716295937212	-1.0422770132114159			THIS	p	a		phased bialleic
HLA_DQA1*02:01	0.04430127833120849	250528	-0.10492557846294381	0.05216988250621859	-2.0112289585938172			THIS	p	a		phased bialleic
HLA_DQA1*03:01	1.5273868597262707e-07	250528	-0.18469734470643365	0.03518562660624362	-5.24922709984251			THIS	p	a		phased bialleic
HLA_DQA1*03:02	0.8913324195559492	250528	-0.0054812748868713485	0.04012105445918351	-0.13661841546182774			THIS	p	a		phased bialleic
HLA_DQA1*03:03	0.49322635227040834	250528	0.028547545495767934	0.04166391603145782	0.6851863246415307			THIS	p	a		phased bialleic
HLA_DQA1*04:01	0.05571931613509539	250528	-0.17385491085351756	0.09087010400010628	-1.9132245172000046			THIS	p	a		phased bialleic
HLA_DQA1*05:01	0.0017526390844400889	250528	0.2234023001802179	0.07139205559502042	3.129231933697118			THIS	p	a		phased bialleic
HLA_DQA1*05:03	0.6214718759384907	250528	-0.040124296582657926	0.08126186463718957	-0.4937653936665269			THIS	p	a		phased bialleic
HLA_DQA1*05:05	6.745097055394833e-06	250528	-0.23471980837886355	0.052141679198314916	-4.501577470992708			THIS	p	a		phased bialleic
HLA_DQA1*06:01	0.01830597686043441	250528	0.1454928922486548	0.06166598346105578	2.359370338114183			THIS	p	a		phased bialleic
HLA_DQB1	1.7045906349555245e-26	250528				158.10640810313635	14.0				HLA_DQB1*02:01,HLA_DQB1*02:02,HLA_DQB1*03:01,HLA_DQB1*03:02,HLA_DQB1*03:03,HLA_DQB1*04:01,HLA_DQB1*04:02,HLA_DQB1*05:01,HLA_DQB1*05:02,HLA_DQB1*05:03,HLA_DQB1*06:01,HLA_DQB1*06:02,HLA_DQB1*06:03,HLA_DQB1*06:04,HLA_DQB1*06:09	phased multialleic
HLA_DQB1*02:01	0.0016157438083279625	250528	0.22896426689586358	0.07261676785503131	3.153049545704885			THIS	p	a		phased bialleic
HLA_DQB1*02:02	0.0037659395304050903	250528	-0.13475545506524103	0.04651343437681384	-2.8971297619858047			THIS	p	a		phased bialleic
HLA_DQB1*03:01	0.0066491088221944964	250528	-0.0801867819385863	0.029546418143080313	-2.7139256457509324			THIS	p	a		phased bialleic
HLA_DQB1*03:02	6.801708665624495e-09	250528	-0.19480410750804708	0.03361155231153535	-5.795748607575947			THIS	p	a		phased bialleic
HLA_DQB1*03:03	0.30057260172675626	250528	-0.03354511148428427	0.032404278435333674	-1.0352062475708956			THIS	p	a		phased bialleic
HLA_DQB1*04:01	0.663031305285263	250528	0.01691035471702211	0.03880908705009426	0.43573183505178686			THIS	p	a		phased bialleic
HLA_DQB1*04:02	0.3334419898803064	250528	-0.056911646226831314	0.05884140018310526	-0.9672041462258061			THIS	p	a		phased bialleic
HLA_DQB1*05:01	0.8662575646162269	250528	0.006209167454365019	0.036868467171215114	0.16841403862899942			THIS	p	a		phased bialleic
HLA_DQB1*05:02	0.03505248247950115	250528	0.13401770322570383	0.06358325337097324	2.1077515874153905			THIS	p	a		phased bialleic
HLA_DQB1*05:03	0.6374839926852518	250528	-0.024403502731732807	0.05178797264174087	-0.4712195030408218			THIS	p	a		phased bialleic
HLA_DQB1*06:01	0.9667874983114829	250528	0.0014526295646802717	0.034887341465598264	0.041637725996194974			THIS	p	a		phased bialleic
HLA_DQB1*06:02	0.30270402961099263	250528	0.039098046341588005	0.037935253967604395	1.0306520255532388			THIS	p	a		phased bialleic
HLA_DQB1*06:03	0.29858893175179735	250528	-0.08354976349028043	0.08037772639870648	-1.039464130595575			THIS	p	a		phased bialleic
HLA_DQB1*06:04	5.808798614302983e-18	250528	0.40372656003414825	0.04674789745874798	8.636250654704012			THIS	p	a		phased bialleic
HLA_DQB1*06:09	4.2723406392598686e-07	250528	0.2738523805424682	0.054159505264024764	5.056404766023103			THIS	p	a		phased bialleic
HLA_DRB1	1.9027950620004793e-30	250528				193.78207499347627	20.0				HLA_DRB1*01:01,HLA_DRB1*03:01,HLA_DRB1*04:03,HLA_DRB1*04:04,HLA_DRB1*04:05,HLA_DRB1*04:06,HLA_DRB1*07:01,HLA_DRB1*08:02,HLA_DRB1*08:03,HLA_DRB1*09:01,HLA_DRB1*10:01,HLA_DRB1*11:01,HLA_DRB1*12:01,HLA_DRB1*12:02,HLA_DRB1*13:01,HLA_DRB1*13:02,HLA_DRB1*14:05,HLA_DRB1*14:54,HLA_DRB1*15:01,HLA_DRB1*15:02,HLA_DRB1*16:02	phased multialleic
HLA_DRB1*01:01	0.5137577191637577	250528	0.0285171189521419	0.043671081993848525	0.6529977653440966			THIS	p	a		phased bialleic
HLA_DRB1*03:01	2.5892397552075097e-05	250528	0.31076539003318604	0.07387080491420353	4.20687699821494			THIS	p	a		phased bialleic
HLA_DRB1*04:03	0.06664462950203737	250528	-0.11974878660160615	0.06529153071489914	-1.83406309042591			THIS	p	a		phased bialleic
HLA_DRB1*04:04	0.7159557894486929	250528	-0.0345457376634824	0.09494002492844479	-0.3638690603833223			THIS	p	a		phased bialleic
HLA_DRB1*04:05	0.5986336897815077	250528	0.019780986431184963	0.03758026394169298	0.5263663518137024			THIS	p	a		phased bialleic
HLA_DRB1*04:06	8.542118851844029e-10	250528	-0.2814758547677288	0.045883987376718144	-6.1345116425202315			THIS	p	a		phased bialleic
HLA_DRB1*07:01	0.009278637635088715	250528	-0.11349579103464993	0.04362515579563483	-2.60161342612343			THIS	p	a		phased bialleic
HLA_DRB1*08:02	0.6417805986760015	250528	-0.03257777407629464	0.07002800279791967	-0.4652106696560313			THIS	p	a		phased bialleic
HLA_DRB1*08:03	0.13694863660713594	250528	-0.05553286168961824	0.037339276728858735	-1.4872505992248657			THIS	p	a		phased bialleic
HLA_DRB1*09:01	0.24885631117915286	250528	-0.040319711271130376	0.034965398568579366	-1.153131750866484			THIS	p	a		phased bialleic
HLA_DRB1*10:01	0.6940331107138371	250528	-0.03243701356575901	0.08245557463529009	-0.3933877570950348			THIS	p	a		phased bialleic
HLA_DRB1*11:01	6.88934418336398e-05	250528	-0.19257847941288203	0.04838563715581467	-3.980075301948136			THIS	p	a		phased bialleic
HLA_DRB1*12:01	0.2401919526171935	250528	-0.06541190105775245	0.05569306364655211	-1.1745071428082952			THIS	p	a		phased bialleic
HLA_DRB1*12:02	0.14468160581172837	250528	0.08438023953926477	0.057851075069696375	1.4585768620134931			THIS	p	a		phased bialleic
HLA_DRB1*13:01	0.16066833540846193	250528	-0.11524874237450244	0.08215461731421277	-1.4028273290315039			THIS	p	a		phased bialleic
HLA_DRB1*13:02	7.684999782753763e-25	250528	0.37452695372370876	0.03639135049057047	10.291647566658845			THIS	p	a		phased bialleic
HLA_DRB1*14:05	0.5142840560063584	250528	-0.04030296494523922	0.061797155255272435	-0.6521815572052668			THIS	p	a		phased bialleic
HLA_DRB1*14:54	0.747393274272599	250528	0.02074867876537373	0.06442119824466981	0.32207843583677004			THIS	p	a		phased bialleic
HLA_DRB1*15:01	0.1550610971445782	250528	0.05455940854402824	0.038371317879855114	1.421879975946092			THIS	p	a		phased bialleic
HLA_DRB1*15:02	0.2768126017741438	250528	0.05631796764995861	0.051786281493017616	1.087507463874424			THIS	p	a		phased bialleic
HLA_DRB1*16:02	0.04079933985147079	250528	0.21120748083538815	0.10325149291490539	2.0455634574645285			THIS	p	a		phased bialleic
