marker_name	P	nobs	coef	std	Z	chisq	df	term	A1	multi_allele	note
6:34172055_C/A	0.0	7440	2.9567820560699953	0.008011373712402535	369.07304068121977			const			plink bialleic
6:34172055_C/A	0.7620910531892241	7440	0.04476194893213803	0.14785802660731676	0.30273600939513			PC1			plink bialleic
6:34172055_C/A	0.338568485030311	7440	0.1448383261902686	0.15134659876148304	0.9569975630475102			PC2			plink bialleic
6:34172055_C/A	0.7501286831347334	7440	0.04942947736123737	0.15520936221928444	0.31846968929233743			PC3			plink bialleic
6:34172055_C/A	0.4705260996321091	7440	0.11259777472392907	0.15603400293087807	0.7216233167703135			PC4			plink bialleic
6:34172055_C/A	0.0	7440	-0.03575652426451525	0.00027533207579724043	-129.86690403208598			age			plink bialleic
6:34172055_C/A	0.0	7440	-0.946544839583658	0.004858252718570179	-194.8323593718347			sex			plink bialleic
6:34172055_C/A	0.0	7440	2.956782056070031	0.00801137371240266	369.07304068121846			AS			plink bialleic
6:34172055_C/A		7440	0.0	0.0				CT			plink bialleic
6:34172055_C/A	5.360574166187648e-09	7440	0.02695407909554095	0.004618925185411483	5.83557386481888			THIS	C		plink bialleic
6:34172055_C/A	0.0	7440	2.9567820560699953	0.008011373712402535	369.07304068121977			const			plink bialleic
6:34172055_C/A	0.7620910531892241	7440	0.04476194893213803	0.14785802660731676	0.30273600939513			PC1			plink bialleic
6:34172055_C/A	0.338568485030311	7440	0.1448383261902686	0.15134659876148304	0.9569975630475102			PC2			plink bialleic
6:34172055_C/A	0.7501286831347334	7440	0.04942947736123737	0.15520936221928444	0.31846968929233743			PC3			plink bialleic
6:34172055_C/A	0.4705260996321091	7440	0.11259777472392907	0.15603400293087807	0.7216233167703135			PC4			plink bialleic
6:34172055_C/A	0.0	7440	-0.03575652426451525	0.00027533207579724043	-129.86690403208598			age			plink bialleic
6:34172055_C/A	0.0	7440	-0.946544839583658	0.004858252718570179	-194.8323593718347			sex			plink bialleic
6:34172055_C/A	0.0	7440	2.956782056070031	0.00801137371240266	369.07304068121846			AS			plink bialleic
6:34172055_C/A		7440	0.0	0.0				CT			plink bialleic
6:34172055_C/A	5.360574166187648e-09	7440	0.02695407909554095	0.004618925185411483	5.83557386481888			THIS	C		plink bialleic
6:34172055_C/A	0.0	7440	2.9567820560699953	0.008011373712402535	369.07304068121977			const			plink bialleic
6:34172055_C/A	0.7620910531892241	7440	0.04476194893213803	0.14785802660731676	0.30273600939513			PC1			plink bialleic
6:34172055_C/A	0.338568485030311	7440	0.1448383261902686	0.15134659876148304	0.9569975630475102			PC2			plink bialleic
6:34172055_C/A	0.7501286831347334	7440	0.04942947736123737	0.15520936221928444	0.31846968929233743			PC3			plink bialleic
6:34172055_C/A	0.4705260996321091	7440	0.11259777472392907	0.15603400293087807	0.7216233167703135			PC4			plink bialleic
6:34172055_C/A	0.0	7440	-0.03575652426451525	0.00027533207579724043	-129.86690403208598			age			plink bialleic
6:34172055_C/A	0.0	7440	-0.946544839583658	0.004858252718570179	-194.8323593718347			sex			plink bialleic
6:34172055_C/A	0.0	7440	2.956782056070031	0.00801137371240266	369.07304068121846			AS			plink bialleic
6:34172055_C/A		7440	0.0	0.0				CT			plink bialleic
6:34172055_C/A	5.360574166187648e-09	7440	0.02695407909554095	0.004618925185411483	5.83557386481888			THIS	C		plink bialleic
